date,publisher_id,ad_unit_id,deal_id,device,geo,delivered_impressions,ad_server_clicks,viewable_impressions,measurable_impressions
2026-04-01,PDM-001,AU-101,DEAL-1001,mobile,US,12024,23,8608,11148
2026-04-01,PDM-001,AU-105,DEAL-1002,mobile,US,11164,50,6273,10291
2026-04-01,PDM-001,AU-107,DEAL-1003,desktop,DE,21809,154,12688,21222
2026-04-01,PDM-001,AU-108,DEAL-1003,mobile,US,15029,24,11201,13928
2026-04-01,PDM-001,AU-101,DEAL-1007,desktop,US,9967,69,6490,9774
2026-04-01,PDM-001,AU-106,DEAL-1008,mobile,US,10865,31,7971,10708
2026-04-01,PDM-001,AU-114,DEAL-1009,mobile,US,9354,34,6865,9253
2026-04-01,PDM-001,AU-111,DEAL-1010,desktop,US,3551,10,2764,3319
2026-04-01,PDM-001,AU-113,DEAL-1011,desktop,US,18858,79,11043,17699
2026-04-01,PDM-001,AU-103,DEAL-1012,desktop,US,21655,82,17201,20255
2026-04-01,PDM-001,AU-106,DEAL-1013,desktop,US,4043,21,2668,3943
2026-04-01,PDM-001,AU-106,DEAL-1013,mobile,US,23526,110,18785,23243
2026-04-01,PDM-001,AU-104,DEAL-1014,desktop,US,6253,39,3970,6089
2026-04-01,PDM-001,AU-104,DEAL-1014,mobile,US,18867,144,11645,18514
2026-04-01,PDM-001,AU-101,DEAL-1015,mobile,US,24489,168,14266,23400
2026-04-01,PDM-001,AU-105,DEAL-1016,mobile,US,4018,13,3067,3702
2026-04-01,PDM-001,AU-108,DEAL-1017,desktop,US,4398,21,3132,4070
2026-04-01,PDM-001,AU-107,DEAL-1018,desktop,US,18074,51,12002,17731
2026-04-01,PDM-001,AU-107,DEAL-1018,mobile,US,27918,67,22310,26293
2026-04-01,PDM-001,AU-102,DEAL-1020,mobile,US,6098,6,4247,5846
2026-04-01,PDM-001,AU-114,DEAL-1021,desktop,US,4429,32,2479,4341
2026-04-01,PDM-001,AU-114,DEAL-1021,mobile,US,11020,21,7833,10860
2026-04-01,PDM-001,AU-109,DEAL-1023,mobile,US,25593,89,19647,24282
2026-04-01,PDM-001,AU-103,DEAL-1024,desktop,US,5724,34,3255,5586
2026-04-01,PDM-001,AU-103,DEAL-1024,mobile,US,18700,73,10978,17568
2026-04-02,PDM-001,AU-101,DEAL-1001,desktop,UK,20213,151,11875,19796
2026-04-02,PDM-001,AU-105,DEAL-1002,mobile,US,5921,21,3686,5855
2026-04-02,PDM-001,AU-109,DEAL-1004,mobile,US,11133,56,8258,10664
2026-04-02,PDM-001,AU-109,DEAL-1004,desktop,FR,21642,160,11746,20715
2026-04-02,PDM-001,AU-103,DEAL-1005,desktop,UK,4726,12,3584,4387
2026-04-02,PDM-001,AU-110,DEAL-1005,desktop,US,21981,34,15279,21234
2026-04-02,PDM-001,AU-110,DEAL-1005,mobile,US,10693,64,6698,10016
2026-04-02,PDM-001,AU-112,DEAL-1006,mobile,US,6377,26,5357,6312
2026-04-02,PDM-001,AU-112,DEAL-1006,desktop,DE,9484,18,5110,8956
2026-04-02,PDM-001,AU-101,DEAL-1007,desktop,US,11838,80,8415,11473
2026-04-02,PDM-001,AU-106,DEAL-1008,mobile,US,13810,23,8530,13554
2026-04-02,PDM-001,AU-102,DEAL-1009,desktop,US,11732,70,8113,10960
2026-04-02,PDM-001,AU-102,DEAL-1009,mobile,US,12228,16,9419,11792
2026-04-02,PDM-001,AU-104,DEAL-1010,desktop,US,13429,105,8535,12506
2026-04-02,PDM-001,AU-111,DEAL-1010,mobile,US,21877,149,12493,21018
2026-04-02,PDM-001,AU-113,DEAL-1011,desktop,US,12601,98,7643,11628
2026-04-02,PDM-001,AU-101,DEAL-1015,mobile,US,9801,11,6186,9522
2026-04-02,PDM-001,AU-108,DEAL-1017,desktop,US,6042,7,3511,5757
2026-04-02,PDM-001,AU-111,DEAL-1017,desktop,US,9957,55,5979,9438
2026-04-02,PDM-001,AU-111,DEAL-1017,mobile,US,15506,70,12048,15003
2026-04-02,PDM-001,AU-107,DEAL-1018,desktop,US,3404,26,2662,3174
2026-04-02,PDM-001,AU-107,DEAL-1018,mobile,US,23548,80,15633,22960
2026-04-02,PDM-001,AU-113,DEAL-1019,mobile,US,10228,13,6862,9721
2026-04-02,PDM-001,AU-110,DEAL-1022,desktop,US,16632,123,12003,16026
2026-04-02,PDM-001,AU-110,DEAL-1022,mobile,US,20617,116,14756,19438
2026-04-02,PDM-001,AU-109,DEAL-1023,mobile,US,26194,191,16152,25227
2026-04-02,PDM-001,AU-103,DEAL-1024,mobile,US,10887,70,6775,10478
2026-04-03,PDM-001,AU-107,DEAL-1003,desktop,US,13483,103,8120,12626
2026-04-03,PDM-001,AU-107,DEAL-1003,desktop,DE,4014,21,2683,3908
2026-04-03,PDM-001,AU-109,DEAL-1004,desktop,FR,2681,10,2092,2499
2026-04-03,PDM-001,AU-103,DEAL-1005,mobile,US,7976,15,5388,7597
2026-04-03,PDM-001,AU-110,DEAL-1005,desktop,US,17002,102,12980,16242
2026-04-03,PDM-001,AU-101,DEAL-1007,desktop,US,10601,67,7482,10139
2026-04-03,PDM-001,AU-101,DEAL-1007,mobile,US,27381,72,21129,25834
2026-04-03,PDM-001,AU-106,DEAL-1008,desktop,US,7442,43,4106,7214
2026-04-03,PDM-001,AU-102,DEAL-1009,desktop,US,16267,82,12716,15757
2026-04-03,PDM-001,AU-104,DEAL-1010,mobile,US,13784,51,10842,13541
2026-04-03,PDM-001,AU-103,DEAL-1012,mobile,US,4951,16,3215,4790
2026-04-03,PDM-001,AU-106,DEAL-1013,desktop,US,17815,84,12746,17520
2026-04-03,PDM-001,AU-104,DEAL-1014,desktop,US,16544,70,10140,15278
2026-04-03,PDM-001,AU-104,DEAL-1014,mobile,US,15059,107,11817,14147
2026-04-03,PDM-001,AU-112,DEAL-1016,desktop,US,13967,20,7748,13785
2026-04-03,PDM-001,AU-112,DEAL-1016,mobile,US,10532,12,5761,9801
2026-04-03,PDM-001,AU-111,DEAL-1017,desktop,US,10896,57,8236,10759
2026-04-03,PDM-001,AU-107,DEAL-1018,desktop,US,12692,14,9003,11953
2026-04-03,PDM-001,AU-102,DEAL-1020,desktop,US,10457,67,7477,10242
2026-04-03,PDM-001,AU-102,DEAL-1020,mobile,US,5345,25,2947,5164
2026-04-03,PDM-001,AU-114,DEAL-1021,mobile,US,20062,80,15503,18965
2026-04-03,PDM-001,AU-110,DEAL-1022,mobile,US,21096,60,14656,20601
2026-04-03,PDM-001,AU-103,DEAL-1024,mobile,US,6839,49,4417,6408
2026-04-04,PDM-001,AU-101,DEAL-1001,desktop,US,7790,51,5985,7352
2026-04-04,PDM-001,AU-101,DEAL-1001,desktop,UK,1606,9,1191,1532
2026-04-04,PDM-001,AU-107,DEAL-1003,desktop,DE,5843,32,3956,5526
2026-04-04,PDM-001,AU-108,DEAL-1003,desktop,US,14180,41,7793,13295
2026-04-04,PDM-001,AU-108,DEAL-1003,mobile,US,14833,34,9122,14413
2026-04-04,PDM-001,AU-103,DEAL-1005,mobile,US,5461,25,4319,5128
2026-04-04,PDM-001,AU-110,DEAL-1005,mobile,US,4066,12,2527,3876
2026-04-04,PDM-001,AU-112,DEAL-1006,mobile,US,4357,19,3162,4184
2026-04-04,PDM-001,AU-112,DEAL-1006,desktop,DE,15681,28,11172,15265
2026-04-04,PDM-001,AU-101,DEAL-1007,mobile,US,12046,37,7857,11578
2026-04-04,PDM-001,AU-106,DEAL-1008,mobile,US,6400,35,3587,5958
2026-04-04,PDM-001,AU-102,DEAL-1009,mobile,US,14843,109,8293,14514
2026-04-04,PDM-001,AU-114,DEAL-1009,desktop,US,1779,7,1043,1640
2026-04-04,PDM-001,AU-114,DEAL-1009,mobile,US,3778,10,2678,3685
2026-04-04,PDM-001,AU-104,DEAL-1010,desktop,US,8992,66,5904,8549
2026-04-04,PDM-001,AU-104,DEAL-1010,mobile,US,8501,34,6678,8176
2026-04-04,PDM-001,AU-113,DEAL-1011,desktop,US,7221,36,5185,6653
2026-04-04,PDM-001,AU-106,DEAL-1013,desktop,US,14301,32,10175,13742
2026-04-04,PDM-001,AU-104,DEAL-1014,desktop,US,8538,14,5354,7951
2026-04-04,PDM-001,AU-105,DEAL-1016,mobile,US,8793,68,5873,8338
2026-04-04,PDM-001,AU-111,DEAL-1017,desktop,US,9325,38,5426,8612
2026-04-04,PDM-001,AU-111,DEAL-1017,mobile,US,11875,14,9041,11448
2026-04-04,PDM-001,AU-107,DEAL-1018,mobile,US,12564,99,8509,12361
2026-04-04,PDM-001,AU-113,DEAL-1019,desktop,US,4590,27,3026,4356
2026-04-04,PDM-001,AU-102,DEAL-1020,mobile,US,16530,32,11952,15288
2026-04-04,PDM-001,AU-114,DEAL-1021,mobile,US,7021,42,4973,6870
2026-04-04,PDM-001,AU-103,DEAL-1024,desktop,US,14957,106,9192,14787
2026-04-05,PDM-001,AU-101,DEAL-1001,desktop,US,11271,89,8197,10994
2026-04-05,PDM-001,AU-101,DEAL-1001,mobile,US,6045,20,4502,5603
2026-04-05,PDM-001,AU-101,DEAL-1001,desktop,UK,10113,71,5718,9990
2026-04-05,PDM-001,AU-105,DEAL-1002,mobile,US,18219,126,11857,17857
2026-04-05,PDM-001,AU-107,DEAL-1003,desktop,US,12452,32,7667,12052
2026-04-05,PDM-001,AU-107,DEAL-1003,mobile,US,12791,75,7113,11857
2026-04-05,PDM-001,AU-107,DEAL-1003,desktop,DE,2445,7,1373,2313
2026-04-05,PDM-001,AU-109,DEAL-1004,desktop,US,3187,18,2206,3043
2026-04-05,PDM-001,AU-109,DEAL-1004,mobile,US,13024,94,7893,12406
2026-04-05,PDM-001,AU-103,DEAL-1005,desktop,US,9369,37,7057,8783
2026-04-05,PDM-001,AU-103,DEAL-1005,mobile,US,11849,59,9645,11377
2026-04-05,PDM-001,AU-103,DEAL-1005,desktop,UK,10258,59,5631,9972
2026-04-05,PDM-001,AU-112,DEAL-1006,mobile,US,14824,80,10759,14282
2026-04-05,PDM-001,AU-102,DEAL-1009,mobile,US,10397,30,7981,9684
2026-04-05,PDM-001,AU-114,DEAL-1009,mobile,US,3172,6,2021,3120
2026-04-05,PDM-001,AU-111,DEAL-1010,desktop,US,10098,20,8058,9973
2026-04-05,PDM-001,AU-106,DEAL-1013,mobile,US,5020,31,3128,4710
2026-04-05,PDM-001,AU-112,DEAL-1016,desktop,US,6603,28,4765,6398
2026-04-05,PDM-001,AU-112,DEAL-1016,mobile,US,3909,7,2603,3660
2026-04-05,PDM-001,AU-110,DEAL-1022,desktop,US,9354,24,7465,8843
2026-04-05,PDM-001,AU-103,DEAL-1024,desktop,US,8537,57,4852,7908
2026-04-05,PDM-001,AU-112,DEAL-1025,mobile,US,8475,20,5937,8289
2026-04-06,PDM-001,AU-101,DEAL-1001,desktop,UK,7335,21,6137,7253
2026-04-06,PDM-001,AU-107,DEAL-1003,desktop,US,3344,11,2369,3261
2026-04-06,PDM-001,AU-107,DEAL-1003,mobile,US,5717,35,4232,5470
2026-04-06,PDM-001,AU-108,DEAL-1003,tablet,US,5838,7,4610,5691
2026-04-06,PDM-001,AU-103,DEAL-1005,desktop,US,18195,105,14288,17363
2026-04-06,PDM-001,AU-103,DEAL-1005,mobile,US,14554,29,9966,13518
2026-04-06,PDM-001,AU-112,DEAL-1006,mobile,US,23838,40,18615,23101
2026-04-06,PDM-001,AU-106,DEAL-1008,desktop,US,17296,58,11107,16461
2026-04-06,PDM-001,AU-106,DEAL-1008,mobile,US,14240,39,10623,14051
2026-04-06,PDM-001,AU-114,DEAL-1009,mobile,US,7054,11,5438,6854
2026-04-06,PDM-001,AU-104,DEAL-1010,mobile,US,17461,124,11651,17214
2026-04-06,PDM-001,AU-111,DEAL-1010,mobile,US,23674,81,13956,22737
2026-04-06,PDM-001,AU-113,DEAL-1011,mobile,US,15472,75,9096,14358
2026-04-06,PDM-001,AU-103,DEAL-1012,desktop,US,16561,111,11845,15947
2026-04-06,PDM-001,AU-103,DEAL-1012,mobile,US,4948,14,3980,4816
2026-04-06,PDM-001,AU-106,DEAL-1013,mobile,US,22557,85,15521,20976
2026-04-06,PDM-001,AU-104,DEAL-1014,desktop,US,19882,78,12403,18765
2026-04-06,PDM-001,AU-105,DEAL-1016,desktop,US,4223,26,2239,3899
2026-04-06,PDM-001,AU-108,DEAL-1017,mobile,US,7729,30,5473,7263
2026-04-06,PDM-001,AU-107,DEAL-1018,desktop,US,15451,16,8918,14540
2026-04-06,PDM-001,AU-107,DEAL-1018,mobile,US,13484,24,8743,12874
2026-04-06,PDM-001,AU-113,DEAL-1019,desktop,US,19951,89,15455,19518
2026-04-06,PDM-001,AU-113,DEAL-1019,mobile,US,18294,77,10901,16930
2026-04-06,PDM-001,AU-114,DEAL-1021,mobile,US,4683,10,3177,4618
2026-04-06,PDM-001,AU-109,DEAL-1023,mobile,US,23296,108,14197,22077
2026-04-06,PDM-001,AU-103,DEAL-1024,desktop,US,13413,61,8750,12447
2026-04-06,PDM-001,AU-112,DEAL-1025,desktop,US,7339,14,5007,6853
2026-04-07,PDM-001,AU-101,DEAL-1001,mobile,US,19202,94,13913,18444
2026-04-07,PDM-001,AU-107,DEAL-1003,desktop,US,12859,19,7836,12228
2026-04-07,PDM-001,AU-107,DEAL-1003,mobile,US,15532,23,8301,14791
2026-04-07,PDM-001,AU-108,DEAL-1003,desktop,US,5458,24,3723,5198
2026-04-07,PDM-001,AU-103,DEAL-1005,desktop,US,18085,139,13650,17208
2026-04-07,PDM-001,AU-110,DEAL-1005,desktop,US,8154,48,5705,8067
2026-04-07,PDM-001,AU-106,DEAL-1008,desktop,US,13465,22,8275,13027
2026-04-07,PDM-001,AU-102,DEAL-1009,mobile,US,25745,190,18105,24244
2026-04-07,PDM-001,AU-104,DEAL-1010,mobile,US,14144,51,10953,13796
2026-04-07,PDM-001,AU-104,DEAL-1014,mobile,US,15197,66,8409,14222
2026-04-07,PDM-001,AU-101,DEAL-1015,desktop,US,5814,27,3999,5649
2026-04-07,PDM-001,AU-112,DEAL-1016,mobile,US,26703,143,20119,26254
2026-04-07,PDM-001,AU-108,DEAL-1017,desktop,US,14437,38,8725,13730
2026-04-07,PDM-001,AU-107,DEAL-1018,desktop,US,17868,102,11700,17152
2026-04-07,PDM-001,AU-102,DEAL-1020,mobile,US,23813,169,15267,21994
2026-04-07,PDM-001,AU-109,DEAL-1023,desktop,US,5248,21,4009,5016
2026-04-07,PDM-001,AU-109,DEAL-1023,mobile,US,18782,141,11923,17824
2026-04-07,PDM-001,AU-112,DEAL-1025,desktop,US,9857,74,7186,9647
2026-04-08,PDM-001,AU-101,DEAL-1001,desktop,US,11900,81,7998,11580
2026-04-08,PDM-001,AU-105,DEAL-1002,desktop,US,9566,72,6233,9208
2026-04-08,PDM-001,AU-107,DEAL-1003,desktop,US,6492,25,4351,6333
2026-04-08,PDM-001,AU-107,DEAL-1003,mobile,US,23553,26,14019,22518
2026-04-08,PDM-001,AU-107,DEAL-1003,desktop,DE,16565,57,9639,15901
2026-04-08,PDM-001,AU-103,DEAL-1005,mobile,US,5426,20,3973,5133
2026-04-08,PDM-001,AU-110,DEAL-1005,desktop,US,10401,17,7763,9992
2026-04-08,PDM-001,AU-110,DEAL-1005,mobile,US,21891,146,15994,20408
2026-04-08,PDM-001,AU-101,DEAL-1007,mobile,US,5211,12,4145,5082
2026-04-08,PDM-001,AU-106,DEAL-1008,desktop,US,12660,100,7592,12128
2026-04-08,PDM-001,AU-114,DEAL-1009,desktop,US,14197,79,10529,13332
2026-04-08,PDM-001,AU-104,DEAL-1010,mobile,US,20259,90,14079,19949
2026-04-08,PDM-001,AU-113,DEAL-1011,desktop,US,8413,27,5826,7787
2026-04-08,PDM-001,AU-113,DEAL-1011,mobile,US,9460,38,6911,8999
2026-04-08,PDM-001,AU-104,DEAL-1014,mobile,US,15904,105,12861,15388
2026-04-08,PDM-001,AU-101,DEAL-1015,desktop,US,16858,24,10840,16428
2026-04-08,PDM-001,AU-113,DEAL-1019,desktop,US,6217,14,4898,5944
2026-04-08,PDM-001,AU-113,DEAL-1019,mobile,US,27069,67,19760,26062
2026-04-08,PDM-001,AU-102,DEAL-1020,mobile,US,6426,14,5292,6232
2026-04-08,PDM-001,AU-103,DEAL-1024,desktop,US,12328,73,7194,11946
2026-04-08,PDM-001,AU-112,DEAL-1025,desktop,US,9085,59,5997,8374
2026-04-09,PDM-001,AU-105,DEAL-1002,desktop,US,12634,76,9437,12088
2026-04-09,PDM-001,AU-107,DEAL-1003,desktop,US,12888,53,8147,12470
2026-04-09,PDM-001,AU-108,DEAL-1003,mobile,US,18176,134,9861,16792
2026-04-09,PDM-001,AU-108,DEAL-1003,tablet,US,3443,25,2687,3221
2026-04-09,PDM-001,AU-109,DEAL-1004,mobile,US,12211,66,6876,11704
2026-04-09,PDM-001,AU-109,DEAL-1004,desktop,FR,19981,109,13911,19210
2026-04-09,PDM-001,AU-103,DEAL-1005,desktop,US,13563,91,7047,12504
2026-04-09,PDM-001,AU-101,DEAL-1007,mobile,US,19825,131,12266,19189
2026-04-09,PDM-001,AU-106,DEAL-1008,desktop,US,4463,17,2771,4251
2026-04-09,PDM-001,AU-106,DEAL-1008,mobile,US,15317,29,10409,14488
2026-04-09,PDM-001,AU-114,DEAL-1009,desktop,US,17785,73,9346,16537
2026-04-09,PDM-001,AU-113,DEAL-1011,mobile,US,20327,86,13949,19951
2026-04-09,PDM-001,AU-103,DEAL-1012,desktop,US,15385,119,9434,14385
2026-04-09,PDM-001,AU-103,DEAL-1012,mobile,US,23579,131,15975,22469
2026-04-09,PDM-001,AU-112,DEAL-1016,desktop,US,20628,76,14033,19628
2026-04-09,PDM-001,AU-111,DEAL-1017,desktop,US,5668,37,4448,5349
2026-04-09,PDM-001,AU-107,DEAL-1018,desktop,US,19182,24,13523,17699
2026-04-09,PDM-001,AU-113,DEAL-1019,mobile,US,8580,64,5399,8084
2026-04-09,PDM-001,AU-103,DEAL-1024,desktop,US,13354,104,10123,12831
2026-04-09,PDM-001,AU-112,DEAL-1025,mobile,US,12700,82,8949,12374
2026-04-10,PDM-001,AU-101,DEAL-1001,desktop,UK,14958,86,11510,13794
2026-04-10,PDM-001,AU-105,DEAL-1002,desktop,US,3120,12,1809,2960
2026-04-10,PDM-001,AU-101,DEAL-1007,mobile,US,10300,30,8067,9691
2026-04-10,PDM-001,AU-111,DEAL-1010,mobile,US,26171,95,20581,25872
2026-04-10,PDM-001,AU-103,DEAL-1012,desktop,US,11925,40,7109,11340
2026-04-10,PDM-001,AU-106,DEAL-1013,desktop,US,20148,118,13760,18729
2026-04-10,PDM-001,AU-104,DEAL-1014,desktop,US,19901,52,11974,18448
2026-04-10,PDM-001,AU-101,DEAL-1015,mobile,US,9175,51,6238,9006
2026-04-10,PDM-001,AU-112,DEAL-1016,desktop,US,11852,87,7928,10978
2026-04-10,PDM-001,AU-111,DEAL-1017,mobile,US,5190,19,4116,4954
2026-04-10,PDM-001,AU-113,DEAL-1019,mobile,US,23751,178,15378,22407
2026-04-10,PDM-001,AU-114,DEAL-1021,mobile,US,19336,45,10742,17941
2026-04-10,PDM-001,AU-110,DEAL-1022,mobile,US,4461,14,3156,4196
2026-04-10,PDM-001,AU-109,DEAL-1023,desktop,US,15787,52,8659,14966
2026-04-10,PDM-001,AU-112,DEAL-1025,desktop,US,15068,94,9524,14868
2026-04-11,PDM-001,AU-101,DEAL-1001,desktop,US,8031,14,5077,7560
2026-04-11,PDM-001,AU-105,DEAL-1002,mobile,US,15543,39,10638,15341
2026-04-11,PDM-001,AU-112,DEAL-1006,desktop,DE,13586,27,9045,12811
2026-04-11,PDM-001,AU-101,DEAL-1007,desktop,US,5978,43,3222,5686
2026-04-11,PDM-001,AU-101,DEAL-1007,mobile,US,10651,45,7976,10400
2026-04-11,PDM-001,AU-102,DEAL-1009,desktop,US,9076,12,7543,8918
2026-04-11,PDM-001,AU-104,DEAL-1010,desktop,US,5695,34,3724,5623
2026-04-11,PDM-001,AU-113,DEAL-1011,mobile,US,6034,11,3987,5970
2026-04-11,PDM-001,AU-103,DEAL-1012,desktop,US,5432,16,3747,5253
2026-04-11,PDM-001,AU-106,DEAL-1013,mobile,US,5338,38,2908,5196
2026-04-11,PDM-001,AU-105,DEAL-1016,desktop,US,2618,13,1432,2537
2026-04-11,PDM-001,AU-112,DEAL-1016,mobile,US,3806,11,2860,3718
2026-04-11,PDM-001,AU-108,DEAL-1017,desktop,US,9433,74,6081,9022
2026-04-11,PDM-001,AU-108,DEAL-1017,mobile,US,17126,92,11366,16268
2026-04-11,PDM-001,AU-113,DEAL-1019,desktop,US,9846,22,5867,9429
2026-04-11,PDM-001,AU-113,DEAL-1019,mobile,US,12701,98,7188,12180
2026-04-11,PDM-001,AU-102,DEAL-1020,desktop,US,5183,21,3483,4902
2026-04-11,PDM-001,AU-114,DEAL-1021,desktop,US,9964,70,7238,9298
2026-04-11,PDM-001,AU-109,DEAL-1023,mobile,US,8122,14,5577,8040
2026-04-11,PDM-001,AU-103,DEAL-1024,desktop,US,6076,39,4083,5751
2026-04-11,PDM-001,AU-112,DEAL-1025,desktop,US,10997,86,8402,10478
2026-04-12,PDM-001,AU-105,DEAL-1002,desktop,US,4810,24,2980,4667
2026-04-12,PDM-001,AU-105,DEAL-1002,mobile,US,11786,52,8599,11383
2026-04-12,PDM-001,AU-107,DEAL-1003,desktop,US,12919,54,8227,12548
2026-04-12,PDM-001,AU-107,DEAL-1003,mobile,US,14668,70,8033,14153
2026-04-12,PDM-001,AU-107,DEAL-1003,desktop,DE,3468,13,2102,3395
2026-04-12,PDM-001,AU-108,DEAL-1003,mobile,US,10647,58,8642,10491
2026-04-12,PDM-001,AU-109,DEAL-1004,desktop,US,11013,51,8721,10343
2026-04-12,PDM-001,AU-109,DEAL-1004,mobile,US,7243,33,4993,6785
2026-04-12,PDM-001,AU-109,DEAL-1004,desktop,FR,8883,32,6061,8424
2026-04-12,PDM-001,AU-103,DEAL-1005,mobile,US,17285,21,10870,16392
2026-04-12,PDM-001,AU-112,DEAL-1006,desktop,US,10302,80,8331,10180
2026-04-12,PDM-001,AU-112,DEAL-1006,desktop,DE,11785,17,9513,11605
2026-04-12,PDM-001,AU-101,DEAL-1007,mobile,US,3012,18,1955,2921
2026-04-12,PDM-001,AU-106,DEAL-1008,desktop,US,5189,36,3574,5019
2026-04-12,PDM-001,AU-102,DEAL-1009,mobile,US,3670,25,2703,3463
2026-04-12,PDM-001,AU-111,DEAL-1010,mobile,US,11175,54,6404,10574
2026-04-12,PDM-001,AU-103,DEAL-1012,mobile,US,15500,32,11126,15032
2026-04-12,PDM-001,AU-106,DEAL-1013,mobile,US,5168,21,2920,5029
2026-04-12,PDM-001,AU-104,DEAL-1014,desktop,US,10986,42,6645,10127
2026-04-12,PDM-001,AU-104,DEAL-1014,mobile,US,10112,37,7680,9362
2026-04-12,PDM-001,AU-105,DEAL-1016,mobile,US,5768,16,3219,5365
2026-04-12,PDM-001,AU-112,DEAL-1016,desktop,US,6966,19,4814,6528
2026-04-12,PDM-001,AU-108,DEAL-1017,desktop,US,3310,12,2151,3240
2026-04-12,PDM-001,AU-113,DEAL-1019,mobile,US,11532,43,8372,10867
2026-04-12,PDM-001,AU-114,DEAL-1021,mobile,US,9665,47,6631,9292
2026-04-12,PDM-001,AU-112,DEAL-1025,desktop,US,3097,16,2168,2901
2026-04-13,PDM-001,AU-101,DEAL-1001,mobile,US,23078,109,18425,22723
2026-04-13,PDM-001,AU-105,DEAL-1002,desktop,US,14281,67,7928,13776
2026-04-13,PDM-001,AU-108,DEAL-1003,desktop,US,15594,62,9010,14357
2026-04-13,PDM-001,AU-110,DEAL-1005,mobile,US,19819,60,11233,19510
2026-04-13,PDM-001,AU-112,DEAL-1006,desktop,DE,13741,33,9080,13106
2026-04-13,PDM-001,AU-106,DEAL-1008,desktop,US,12339,73,7424,11371
2026-04-13,PDM-001,AU-106,DEAL-1008,mobile,US,11992,26,8017,11167
2026-04-13,PDM-001,AU-114,DEAL-1009,mobile,US,24635,56,15912,23797
2026-04-13,PDM-001,AU-111,DEAL-1010,desktop,US,9538,59,5297,9314
2026-04-13,PDM-001,AU-111,DEAL-1010,mobile,US,10126,33,6060,9640
2026-04-13,PDM-001,AU-104,DEAL-1014,desktop,US,17503,117,10845,16967
2026-04-13,PDM-001,AU-101,DEAL-1015,desktop,US,6889,18,4232,6394
2026-04-13,PDM-001,AU-101,DEAL-1015,mobile,US,17704,34,10153,16763
2026-04-13,PDM-001,AU-111,DEAL-1017,desktop,US,12808,17,6692,12105
2026-04-13,PDM-001,AU-111,DEAL-1017,mobile,US,22401,124,14822,21250
2026-04-13,PDM-001,AU-113,DEAL-1019,desktop,US,21026,133,12505,19773
2026-04-13,PDM-001,AU-102,DEAL-1020,desktop,US,17485,112,11738,16692
2026-04-13,PDM-001,AU-114,DEAL-1021,desktop,US,20296,137,14342,18731
2026-04-13,PDM-001,AU-110,DEAL-1022,mobile,US,13755,109,8566,13087
2026-04-13,PDM-001,AU-112,DEAL-1025,desktop,US,21765,152,14215,20953
2026-04-14,PDM-001,AU-107,DEAL-1003,mobile,US,13480,38,11171,13211
2026-04-14,PDM-001,AU-108,DEAL-1003,desktop,US,15987,113,12025,14850
2026-04-14,PDM-001,AU-108,DEAL-1003,mobile,US,12111,83,6800,11475
2026-04-14,PDM-001,AU-109,DEAL-1004,desktop,FR,5550,34,4370,5375
2026-04-14,PDM-001,AU-112,DEAL-1006,desktop,US,17522,103,13535,17162
2026-04-14,PDM-001,AU-106,DEAL-1008,desktop,US,11792,59,7870,11315
2026-04-14,PDM-001,AU-106,DEAL-1008,mobile,US,5505,29,2989,5387
2026-04-14,PDM-001,AU-102,DEAL-1009,mobile,US,7058,24,4896,6534
2026-04-14,PDM-001,AU-114,DEAL-1009,mobile,US,4022,9,2295,3894
2026-04-14,PDM-001,AU-104,DEAL-1010,mobile,US,27789,174,15242,26400
2026-04-14,PDM-001,AU-111,DEAL-1010,desktop,US,9493,18,6697,8883
2026-04-14,PDM-001,AU-111,DEAL-1010,mobile,US,7951,31,4220,7388
2026-04-14,PDM-001,AU-103,DEAL-1012,desktop,US,12767,25,9649,12436
2026-04-14,PDM-001,AU-103,DEAL-1012,mobile,US,6241,30,3600,6008
2026-04-14,PDM-001,AU-106,DEAL-1013,mobile,US,17490,101,9874,17143
2026-04-14,PDM-001,AU-104,DEAL-1014,desktop,US,6535,24,4157,6452
2026-04-14,PDM-001,AU-104,DEAL-1014,mobile,US,25122,68,18522,24169
2026-04-14,PDM-001,AU-101,DEAL-1015,desktop,US,3378,10,2270,3230
2026-04-14,PDM-001,AU-105,DEAL-1016,desktop,US,4288,15,2978,4017
2026-04-14,PDM-001,AU-105,DEAL-1016,mobile,US,15832,30,11181,15519
2026-04-14,PDM-001,AU-111,DEAL-1017,mobile,US,4451,11,3657,4382
2026-04-14,PDM-001,AU-107,DEAL-1018,mobile,US,17612,104,11591,16304
2026-04-14,PDM-001,AU-113,DEAL-1019,mobile,US,6589,49,3884,6511
2026-04-14,PDM-001,AU-102,DEAL-1020,desktop,US,21716,148,11974,21014
2026-04-14,PDM-001,AU-110,DEAL-1022,desktop,US,5325,22,3294,5125
2026-04-14,PDM-001,AU-109,DEAL-1023,mobile,US,26986,57,18822,26627
2026-04-14,PDM-001,AU-112,DEAL-1025,desktop,US,6659,47,3623,6485
2026-04-15,PDM-001,AU-101,DEAL-1001,desktop,US,4592,35,3093,4426
2026-04-15,PDM-001,AU-101,DEAL-1001,desktop,UK,21075,44,16798,20529
2026-04-15,PDM-001,AU-105,DEAL-1002,mobile,US,4084,28,2119,3760
2026-04-15,PDM-001,AU-107,DEAL-1003,desktop,DE,3658,27,2402,3555
2026-04-15,PDM-001,AU-108,DEAL-1003,desktop,US,16139,46,9884,14935
2026-04-15,PDM-001,AU-109,DEAL-1004,desktop,US,19400,28,11728,18479
2026-04-15,PDM-001,AU-109,DEAL-1004,desktop,FR,20623,73,15231,19394
2026-04-15,PDM-001,AU-103,DEAL-1005,mobile,US,23388,186,17540,22787
2026-04-15,PDM-001,AU-110,DEAL-1005,mobile,US,4783,22,3496,4613
2026-04-15,PDM-001,AU-112,DEAL-1006,desktop,US,13477,75,10139,13199
2026-04-15,PDM-001,AU-112,DEAL-1006,mobile,US,11804,52,9262,10909
2026-04-15,PDM-001,AU-101,DEAL-1007,desktop,US,10084,59,8036,9540
2026-04-15,PDM-001,AU-101,DEAL-1007,mobile,US,20561,112,14175,19483
2026-04-15,PDM-001,AU-106,DEAL-1008,desktop,US,6783,19,5048,6389
2026-04-15,PDM-001,AU-102,DEAL-1009,desktop,US,5962,25,4018,5654
2026-04-15,PDM-001,AU-114,DEAL-1009,mobile,US,11654,88,8460,10832
2026-04-15,PDM-001,AU-104,DEAL-1010,desktop,US,12602,87,9248,11673
2026-04-15,PDM-001,AU-104,DEAL-1010,mobile,US,11045,77,7844,10276
2026-04-15,PDM-001,AU-113,DEAL-1011,desktop,US,12292,97,7609,11335
2026-04-15,PDM-001,AU-103,DEAL-1012,mobile,US,7339,48,3873,6814
2026-04-15,PDM-001,AU-106,DEAL-1013,mobile,US,17126,99,9709,16879
2026-04-15,PDM-001,AU-101,DEAL-1015,desktop,US,4612,18,3519,4284
2026-04-15,PDM-001,AU-105,DEAL-1016,desktop,US,3899,8,2981,3743
2026-04-15,PDM-001,AU-112,DEAL-1016,desktop,US,16480,41,9748,15377
2026-04-15,PDM-001,AU-108,DEAL-1017,desktop,US,10553,47,7186,10360
2026-04-15,PDM-001,AU-108,DEAL-1017,mobile,US,8496,20,5904,8342
2026-04-15,PDM-001,AU-110,DEAL-1022,mobile,US,23566,28,14599,23018
2026-04-15,PDM-001,AU-112,DEAL-1025,desktop,US,7730,43,5766,7255
2026-04-16,PDM-001,AU-101,DEAL-1001,desktop,US,9689,76,7622,9177
2026-04-16,PDM-001,AU-101,DEAL-1001,desktop,UK,10251,68,8185,9931
2026-04-16,PDM-001,AU-105,DEAL-1002,desktop,US,14023,27,11079,13832
2026-04-16,PDM-001,AU-107,DEAL-1003,desktop,DE,3743,9,2477,3500
2026-04-16,PDM-001,AU-108,DEAL-1003,desktop,US,9101,54,7195,8958
2026-04-16,PDM-001,AU-108,DEAL-1003,mobile,US,8840,52,4794,8220
2026-04-16,PDM-001,AU-109,DEAL-1004,mobile,US,23202,77,18430,21869
2026-04-16,PDM-001,AU-110,DEAL-1005,desktop,US,20914,136,14219,19567
2026-04-16,PDM-001,AU-110,DEAL-1005,mobile,US,26560,50,21525,25790
2026-04-16,PDM-001,AU-101,DEAL-1007,mobile,US,24033,131,15573,22285
2026-04-16,PDM-001,AU-106,DEAL-1008,desktop,US,5049,39,3836,4704
2026-04-16,PDM-001,AU-106,DEAL-1008,mobile,US,18635,53,9963,17469
2026-04-16,PDM-001,AU-114,DEAL-1009,desktop,US,6040,8,3880,5742
2026-04-16,PDM-001,AU-114,DEAL-1009,mobile,US,20157,69,15233,19074
2026-04-16,PDM-001,AU-104,DEAL-1010,mobile,US,6415,44,3895,6034
2026-04-16,PDM-001,AU-111,DEAL-1010,mobile,US,16303,99,12802,15623
2026-04-16,PDM-001,AU-113,DEAL-1011,desktop,US,21965,130,15570,20870
2026-04-16,PDM-001,AU-103,DEAL-1012,mobile,US,10735,41,8518,10292
2026-04-16,PDM-001,AU-104,DEAL-1014,desktop,US,5642,28,3291,5522
2026-04-16,PDM-001,AU-101,DEAL-1015,mobile,US,10542,12,6263,9824
2026-04-16,PDM-001,AU-105,DEAL-1016,desktop,US,6284,23,4486,5996
2026-04-16,PDM-001,AU-105,DEAL-1016,mobile,US,16698,60,9579,15808
2026-04-16,PDM-001,AU-112,DEAL-1016,desktop,US,16909,43,9024,15874
2026-04-16,PDM-001,AU-108,DEAL-1017,mobile,US,21742,169,14966,20900
2026-04-16,PDM-001,AU-114,DEAL-1021,desktop,US,3637,26,2673,3549
2026-04-16,PDM-001,AU-110,DEAL-1022,desktop,US,17214,134,9882,16811
2026-04-16,PDM-001,AU-112,DEAL-1025,mobile,US,6851,33,5299,6567
2026-04-17,PDM-001,AU-101,DEAL-1001,desktop,UK,21753,85,12271,20643
2026-04-17,PDM-001,AU-108,DEAL-1003,desktop,US,11874,84,8317,11143
2026-04-17,PDM-001,AU-109,DEAL-1004,desktop,US,15704,82,8542,15210
2026-04-17,PDM-001,AU-109,DEAL-1004,desktop,FR,10284,44,6388,9654
2026-04-17,PDM-001,AU-103,DEAL-1005,desktop,US,12430,85,9202,12182
2026-04-17,PDM-001,AU-103,DEAL-1005,desktop,UK,12346,83,7824,11591
2026-04-17,PDM-001,AU-110,DEAL-1005,mobile,US,17342,76,10979,16581
2026-04-17,PDM-001,AU-112,DEAL-1006,desktop,US,7709,45,5731,7309
2026-04-17,PDM-001,AU-101,DEAL-1007,desktop,US,9077,11,5516,8382
2026-04-17,PDM-001,AU-101,DEAL-1007,mobile,US,19211,72,14268,18915
2026-04-17,PDM-001,AU-106,DEAL-1008,desktop,US,18516,41,13186,18162
2026-04-17,PDM-001,AU-106,DEAL-1008,mobile,US,12475,85,6450,11555
2026-04-17,PDM-001,AU-114,DEAL-1009,desktop,US,21251,54,12170,19885
2026-04-17,PDM-001,AU-111,DEAL-1010,mobile,US,23698,25,17587,22220
2026-04-17,PDM-001,AU-113,DEAL-1011,desktop,US,11523,80,6752,10971
2026-04-17,PDM-001,AU-113,DEAL-1011,mobile,US,24434,124,19113,22491
2026-04-17,PDM-001,AU-104,DEAL-1014,desktop,US,6042,20,3674,5675
2026-04-17,PDM-001,AU-104,DEAL-1014,mobile,US,10172,47,5403,9529
2026-04-17,PDM-001,AU-105,DEAL-1016,mobile,US,27635,154,17172,27353
2026-04-17,PDM-001,AU-108,DEAL-1017,desktop,US,21244,129,14119,19875
2026-04-17,PDM-001,AU-102,DEAL-1020,desktop,US,5698,35,3969,5531
2026-04-17,PDM-001,AU-110,DEAL-1022,mobile,US,14062,91,8331,13263
2026-04-17,PDM-001,AU-109,DEAL-1023,desktop,US,6359,44,5091,6110
2026-04-17,PDM-001,AU-109,DEAL-1023,mobile,US,20399,144,12350,19312
2026-04-17,PDM-001,AU-103,DEAL-1024,desktop,US,7440,25,6017,7358
2026-04-17,PDM-001,AU-112,DEAL-1025,desktop,US,8409,27,5356,8317
2026-04-17,PDM-001,AU-112,DEAL-1025,mobile,US,12962,82,9412,12078
2026-04-18,PDM-001,AU-101,DEAL-1001,desktop,UK,10539,81,5600,9978
2026-04-18,PDM-001,AU-105,DEAL-1002,desktop,US,10327,48,5243,9513
2026-04-18,PDM-001,AU-107,DEAL-1003,desktop,US,7863,35,4216,7402
2026-04-18,PDM-001,AU-107,DEAL-1003,mobile,US,12387,57,8900,11772
2026-04-18,PDM-001,AU-107,DEAL-1003,desktop,DE,10908,83,7204,10736
2026-04-18,PDM-001,AU-108,DEAL-1003,desktop,US,3769,17,2670,3499
2026-04-18,PDM-001,AU-103,DEAL-1005,mobile,US,14079,82,8874,13363
2026-04-18,PDM-001,AU-110,DEAL-1005,mobile,US,9461,53,6498,8882
2026-04-18,PDM-001,AU-112,DEAL-1006,desktop,US,3998,11,2725,3897
2026-04-18,PDM-001,AU-114,DEAL-1009,desktop,US,14069,61,7296,13174
2026-04-18,PDM-001,AU-114,DEAL-1009,mobile,US,14801,113,8257,14424
2026-04-18,PDM-001,AU-111,DEAL-1010,mobile,US,4252,5,3160,3998
2026-04-18,PDM-001,AU-113,DEAL-1011,desktop,US,4418,5,3241,4328
2026-04-18,PDM-001,AU-113,DEAL-1011,mobile,US,11072,67,6838,10475
2026-04-18,PDM-001,AU-103,DEAL-1012,desktop,US,11198,65,7223,10677
2026-04-18,PDM-001,AU-106,DEAL-1013,desktop,US,3843,29,2414,3578
2026-04-18,PDM-001,AU-101,DEAL-1015,desktop,US,8304,48,6843,8127
2026-04-18,PDM-001,AU-101,DEAL-1015,mobile,US,4913,7,2627,4745
2026-04-18,PDM-001,AU-108,DEAL-1017,desktop,US,9341,49,6816,8876
2026-04-18,PDM-001,AU-107,DEAL-1018,desktop,US,11485,86,7579,10972
2026-04-18,PDM-001,AU-113,DEAL-1019,desktop,US,11467,33,7835,10956
2026-04-18,PDM-001,AU-102,DEAL-1020,mobile,US,12928,58,10281,12179
2026-04-18,PDM-001,AU-114,DEAL-1021,mobile,US,11582,11,7845,10729
2026-04-18,PDM-001,AU-110,DEAL-1022,mobile,US,15270,64,11494,14412
2026-04-18,PDM-001,AU-103,DEAL-1024,desktop,US,11209,46,7766,10388
2026-04-18,PDM-001,AU-103,DEAL-1024,mobile,US,15065,70,8230,14600
2026-04-18,PDM-001,AU-112,DEAL-1025,desktop,US,4931,8,2877,4747
2026-04-19,PDM-001,AU-105,DEAL-1002,mobile,US,3962,20,2643,3859
2026-04-19,PDM-001,AU-107,DEAL-1003,desktop,DE,13139,64,9058,12485
2026-04-19,PDM-001,AU-109,DEAL-1004,mobile,US,5038,26,3866,4748
2026-04-19,PDM-001,AU-103,DEAL-1005,desktop,UK,9952,19,7176,9443
2026-04-19,PDM-001,AU-110,DEAL-1005,mobile,US,9962,48,5709,9316
2026-04-19,PDM-001,AU-101,DEAL-1007,desktop,US,5735,18,3489,5322
2026-04-19,PDM-001,AU-102,DEAL-1009,mobile,US,2523,9,1321,2330
2026-04-19,PDM-001,AU-104,DEAL-1010,desktop,US,4664,32,2883,4516
2026-04-19,PDM-001,AU-111,DEAL-1010,desktop,US,12540,77,9500,12295
2026-04-19,PDM-001,AU-113,DEAL-1011,desktop,US,6670,24,4978,6330
2026-04-19,PDM-001,AU-103,DEAL-1012,mobile,US,7711,54,4529,7333
2026-04-19,PDM-001,AU-101,DEAL-1015,mobile,US,7985,46,4485,7450
2026-04-19,PDM-001,AU-108,DEAL-1017,desktop,US,13330,79,7396,12408
2026-04-19,PDM-001,AU-108,DEAL-1017,mobile,US,17600,54,12273,17165
2026-04-19,PDM-001,AU-111,DEAL-1017,desktop,US,9575,44,5580,9335
2026-04-19,PDM-001,AU-107,DEAL-1018,mobile,US,15858,48,11505,15644
2026-04-19,PDM-001,AU-114,DEAL-1021,desktop,US,10113,53,8161,9743
2026-04-19,PDM-001,AU-110,DEAL-1022,desktop,US,4089,12,3204,4022
2026-04-19,PDM-001,AU-103,DEAL-1024,desktop,US,4989,8,3854,4929
2026-04-19,PDM-001,AU-112,DEAL-1025,mobile,US,18974,46,15096,18556
2026-04-20,PDM-001,AU-105,DEAL-1002,desktop,US,7538,45,3977,6954
2026-04-20,PDM-001,AU-105,DEAL-1002,mobile,US,22287,111,13090,20859
2026-04-20,PDM-001,AU-108,DEAL-1003,desktop,US,6376,35,4770,6141
2026-04-20,PDM-001,AU-109,DEAL-1004,desktop,US,18976,123,10285,17858
2026-04-20,PDM-001,AU-110,DEAL-1005,mobile,US,21882,168,15328,20352
2026-04-20,PDM-001,AU-102,DEAL-1009,desktop,US,10781,24,8476,10521
2026-04-20,PDM-001,AU-114,DEAL-1009,desktop,US,2664,10,1468,2552
2026-04-20,PDM-001,AU-114,DEAL-1009,mobile,US,10938,80,6350,10714
2026-04-20,PDM-001,AU-113,DEAL-1011,desktop,US,4707,11,3777,4521
2026-04-20,PDM-001,AU-103,DEAL-1012,mobile,US,24300,177,15688,22896
2026-04-20,PDM-001,AU-106,DEAL-1013,mobile,US,8993,44,7355,8782
2026-04-20,PDM-001,AU-104,DEAL-1014,desktop,US,12763,32,8443,12402
2026-04-20,PDM-001,AU-101,DEAL-1015,desktop,US,13364,55,9062,13019
2026-04-20,PDM-001,AU-101,DEAL-1015,mobile,US,13195,89,7892,12962
2026-04-20,PDM-001,AU-107,DEAL-1018,mobile,US,22074,106,15112,21851
2026-04-20,PDM-001,AU-102,DEAL-1020,desktop,US,21820,92,13952,20854
2026-04-20,PDM-001,AU-109,DEAL-1023,desktop,US,19347,40,13362,18566
2026-04-20,PDM-001,AU-103,DEAL-1024,desktop,US,18343,46,9955,17501
2026-04-20,PDM-001,AU-112,DEAL-1025,desktop,US,9275,32,6065,8837
2026-04-20,PDM-001,AU-112,DEAL-1025,mobile,US,7382,57,4498,7118
2026-04-21,PDM-001,AU-107,DEAL-1003,desktop,DE,10743,49,8223,10148
2026-04-21,PDM-001,AU-109,DEAL-1004,mobile,US,11536,53,6449,10839
2026-04-21,PDM-001,AU-109,DEAL-1004,desktop,FR,6377,24,3512,6014
2026-04-21,PDM-001,AU-112,DEAL-1006,desktop,US,6690,14,3622,6449
2026-04-21,PDM-001,AU-112,DEAL-1006,desktop,DE,10962,84,7581,10544
2026-04-21,PDM-001,AU-101,DEAL-1007,desktop,US,11788,48,9450,11664
2026-04-21,PDM-001,AU-101,DEAL-1007,mobile,US,23688,155,13997,23153
2026-04-21,PDM-001,AU-106,DEAL-1008,mobile,US,18859,96,11750,17653
2026-04-21,PDM-001,AU-102,DEAL-1009,desktop,US,3779,23,2618,3501
2026-04-21,PDM-001,AU-114,DEAL-1009,desktop,US,9130,67,7050,8836
2026-04-21,PDM-001,AU-104,DEAL-1010,mobile,US,21106,75,13810,19481
2026-04-21,PDM-001,AU-111,DEAL-1010,desktop,US,18298,93,13843,17783
2026-04-21,PDM-001,AU-113,DEAL-1011,desktop,US,6887,43,3896,6774
2026-04-21,PDM-001,AU-103,DEAL-1012,mobile,US,27237,177,15312,26160
2026-04-21,PDM-001,AU-106,DEAL-1013,desktop,US,9231,29,5204,8726
2026-04-21,PDM-001,AU-104,DEAL-1014,desktop,US,20067,71,14214,18848
2026-04-21,PDM-001,AU-112,DEAL-1016,mobile,US,22928,147,12852,21732
2026-04-21,PDM-001,AU-108,DEAL-1017,mobile,US,18634,109,10661,17354
2026-04-21,PDM-001,AU-111,DEAL-1017,mobile,US,24120,139,14853,22278
2026-04-21,PDM-001,AU-102,DEAL-1020,mobile,US,11266,17,6915,10394
2026-04-21,PDM-001,AU-112,DEAL-1025,mobile,US,13371,16,9064,12862
2026-04-22,PDM-001,AU-101,DEAL-1001,desktop,US,8053,28,6554,7778
2026-04-22,PDM-001,AU-101,DEAL-1001,mobile,US,17088,97,9886,16205
2026-04-22,PDM-001,AU-101,DEAL-1001,desktop,UK,4748,14,3828,4643
2026-04-22,PDM-001,AU-105,DEAL-1002,desktop,US,11560,89,7385,11003
2026-04-22,PDM-001,AU-105,DEAL-1002,mobile,US,17340,30,10237,16040
2026-04-22,PDM-001,AU-112,DEAL-1006,mobile,US,12448,45,7479,12139
2026-04-22,PDM-001,AU-114,DEAL-1009,mobile,US,7047,40,3945,6888
2026-04-22,PDM-001,AU-111,DEAL-1010,desktop,US,8731,20,6885,8481
2026-04-22,PDM-001,AU-111,DEAL-1010,mobile,US,12182,64,6599,11340
2026-04-22,PDM-001,AU-104,DEAL-1014,desktop,US,18303,58,14648,17989
2026-04-22,PDM-001,AU-101,DEAL-1015,desktop,US,8492,32,4859,8258
2026-04-22,PDM-001,AU-112,DEAL-1016,desktop,US,13879,80,10906,12938
2026-04-22,PDM-001,AU-111,DEAL-1017,desktop,US,9405,16,7188,8890
2026-04-22,PDM-001,AU-111,DEAL-1017,mobile,US,11770,50,7477,11333
2026-04-22,PDM-001,AU-107,DEAL-1018,mobile,US,15962,60,10956,15188
2026-04-22,PDM-001,AU-110,DEAL-1022,mobile,US,19498,20,10928,18513
2026-04-22,PDM-001,AU-103,DEAL-1024,mobile,US,13831,68,8887,13274
2026-04-22,PDM-001,AU-112,DEAL-1025,mobile,US,19615,106,12138,18663
2026-04-23,PDM-001,AU-105,DEAL-1002,desktop,US,3149,10,2228,3046
2026-04-23,PDM-001,AU-108,DEAL-1003,desktop,US,13152,58,10437,12777
2026-04-23,PDM-001,AU-108,DEAL-1003,tablet,US,6047,40,4218,5706
2026-04-23,PDM-001,AU-109,DEAL-1004,desktop,FR,7808,24,5754,7540
2026-04-23,PDM-001,AU-101,DEAL-1007,desktop,US,3256,8,2359,3052
2026-04-23,PDM-001,AU-106,DEAL-1008,desktop,US,15510,22,10877,15223
2026-04-23,PDM-001,AU-106,DEAL-1008,mobile,US,21169,168,14435,19629
2026-04-23,PDM-001,AU-114,DEAL-1009,desktop,US,15274,41,10593,14355
2026-04-23,PDM-001,AU-114,DEAL-1009,mobile,US,4936,27,3132,4838
2026-04-23,PDM-001,AU-104,DEAL-1010,mobile,US,8427,40,5565,8101
2026-04-23,PDM-001,AU-106,DEAL-1013,mobile,US,18478,65,11112,17335
2026-04-23,PDM-001,AU-104,DEAL-1014,desktop,US,6966,29,5300,6412
2026-04-23,PDM-001,AU-101,DEAL-1015,mobile,US,13598,35,8287,12517
2026-04-23,PDM-001,AU-112,DEAL-1016,mobile,US,16398,46,9682,15570
2026-04-23,PDM-001,AU-107,DEAL-1018,desktop,US,19930,46,10892,18431
2026-04-23,PDM-001,AU-107,DEAL-1018,mobile,US,24241,70,14162,23358
2026-04-23,PDM-001,AU-113,DEAL-1019,desktop,US,4126,9,2412,3825
2026-04-23,PDM-001,AU-102,DEAL-1020,mobile,US,4482,11,3343,4255
2026-04-23,PDM-001,AU-110,DEAL-1022,mobile,US,8787,25,5935,8325
2026-04-23,PDM-001,AU-109,DEAL-1023,desktop,US,10694,11,8078,10568
2026-04-23,PDM-001,AU-103,DEAL-1024,mobile,US,10526,64,7312,9753
2026-04-23,PDM-001,AU-112,DEAL-1025,desktop,US,15250,115,10911,14199
2026-04-24,PDM-001,AU-101,DEAL-1001,mobile,US,24923,59,19804,24477
2026-04-24,PDM-001,AU-101,DEAL-1001,desktop,UK,6200,25,4501,5710
2026-04-24,PDM-001,AU-107,DEAL-1003,desktop,US,3876,22,2238,3752
2026-04-24,PDM-001,AU-107,DEAL-1003,desktop,DE,18881,100,15793,18600
2026-04-24,PDM-001,AU-108,DEAL-1003,mobile,US,26981,176,15532,25060
2026-04-24,PDM-001,AU-103,DEAL-1005,mobile,US,15736,30,10758,15467
2026-04-24,PDM-001,AU-110,DEAL-1005,desktop,US,18559,42,13489,17525
2026-04-24,PDM-001,AU-110,DEAL-1005,mobile,US,9254,43,7006,8804
2026-04-24,PDM-001,AU-102,DEAL-1009,desktop,US,4575,30,3222,4269
2026-04-24,PDM-001,AU-104,DEAL-1010,desktop,US,11777,64,7723,10925
2026-04-24,PDM-001,AU-104,DEAL-1010,mobile,US,9853,12,5551,9138
2026-04-24,PDM-001,AU-111,DEAL-1010,desktop,US,15233,71,9252,14762
2026-04-24,PDM-001,AU-113,DEAL-1011,mobile,US,25487,191,17213,24932
2026-04-24,PDM-001,AU-101,DEAL-1015,desktop,US,11210,68,6288,10967
2026-04-24,PDM-001,AU-101,DEAL-1015,mobile,US,7182,43,4171,6874
2026-04-24,PDM-001,AU-105,DEAL-1016,mobile,US,22298,109,16906,21678
2026-04-24,PDM-001,AU-111,DEAL-1017,desktop,US,8411,38,5770,8125
2026-04-24,PDM-001,AU-110,DEAL-1022,desktop,US,10387,25,8371,10112
2026-04-24,PDM-001,AU-110,DEAL-1022,mobile,US,18663,18,10937,17215
2026-04-24,PDM-001,AU-109,DEAL-1023,desktop,US,6926,21,5226,6479
2026-04-24,PDM-001,AU-109,DEAL-1023,mobile,US,22142,108,13004,21805
2026-04-24,PDM-001,AU-103,DEAL-1024,desktop,US,14154,40,8688,13903
2026-04-24,PDM-001,AU-103,DEAL-1024,mobile,US,7011,26,5314,6900
2026-04-25,PDM-001,AU-101,DEAL-1001,desktop,US,14505,18,9412,14165
2026-04-25,PDM-001,AU-105,DEAL-1002,desktop,US,9605,61,7516,9339
2026-04-25,PDM-001,AU-107,DEAL-1003,desktop,DE,12950,26,7622,12369
2026-04-25,PDM-001,AU-108,DEAL-1003,desktop,US,10284,46,6127,9621
2026-04-25,PDM-001,AU-108,DEAL-1003,tablet,US,3831,18,2406,3594
2026-04-25,PDM-001,AU-103,DEAL-1005,mobile,US,14949,79,9059,14522
2026-04-25,PDM-001,AU-103,DEAL-1005,desktop,UK,12192,19,7981,11789
2026-04-25,PDM-001,AU-110,DEAL-1005,desktop,US,8860,56,5406,8256
2026-04-25,PDM-001,AU-101,DEAL-1007,mobile,US,6338,10,3836,6159
2026-04-25,PDM-001,AU-106,DEAL-1008,mobile,US,3064,5,1623,2915
2026-04-25,PDM-001,AU-114,DEAL-1009,desktop,US,13270,82,9372,12718
2026-04-25,PDM-001,AU-111,DEAL-1010,mobile,US,9418,50,6493,8699
2026-04-25,PDM-001,AU-113,DEAL-1011,desktop,US,10399,76,5724,9829
2026-04-25,PDM-001,AU-113,DEAL-1011,mobile,US,7542,45,5156,7415
2026-04-25,PDM-001,AU-103,DEAL-1012,mobile,US,13510,80,10305,12466
2026-04-25,PDM-001,AU-106,DEAL-1013,desktop,US,10787,36,7515,10189
2026-04-25,PDM-001,AU-106,DEAL-1013,mobile,US,7333,20,5903,6945
2026-04-25,PDM-001,AU-101,DEAL-1015,mobile,US,9742,59,7019,9317
2026-04-25,PDM-001,AU-108,DEAL-1017,mobile,US,10788,60,7826,10363
2026-04-25,PDM-001,AU-111,DEAL-1017,desktop,US,4854,22,3828,4511
2026-04-25,PDM-001,AU-107,DEAL-1018,desktop,US,11839,56,6953,11488
2026-04-25,PDM-001,AU-113,DEAL-1019,desktop,US,2572,8,1991,2500
2026-04-25,PDM-001,AU-102,DEAL-1020,mobile,US,4400,27,2668,4236
2026-04-25,PDM-001,AU-114,DEAL-1021,mobile,US,6421,9,3693,6257
2026-04-25,PDM-001,AU-109,DEAL-1023,mobile,US,11609,27,8343,10706
2026-04-25,PDM-001,AU-103,DEAL-1024,desktop,US,7922,62,4392,7708
2026-04-26,PDM-001,AU-101,DEAL-1001,mobile,US,7625,9,4919,7407
2026-04-26,PDM-001,AU-101,DEAL-1001,desktop,UK,13913,99,9580,13566
2026-04-26,PDM-001,AU-107,DEAL-1003,desktop,US,6637,40,4486,6365
2026-04-26,PDM-001,AU-107,DEAL-1003,desktop,DE,8752,56,4935,8227
2026-04-26,PDM-001,AU-108,DEAL-1003,desktop,US,3132,13,1744,3023
2026-04-26,PDM-001,AU-108,DEAL-1003,tablet,US,3044,11,1748,2896
2026-04-26,PDM-001,AU-109,DEAL-1004,desktop,FR,10697,59,6215,10373
2026-04-26,PDM-001,AU-103,DEAL-1005,mobile,US,14050,83,11492,13640
2026-04-26,PDM-001,AU-110,DEAL-1005,desktop,US,14448,106,10368,13864
2026-04-26,PDM-001,AU-110,DEAL-1005,mobile,US,6827,26,5017,6428
2026-04-26,PDM-001,AU-112,DEAL-1006,desktop,DE,4594,12,3527,4373
2026-04-26,PDM-001,AU-101,DEAL-1007,mobile,US,7875,34,4287,7471
2026-04-26,PDM-001,AU-106,DEAL-1008,mobile,US,8860,59,5012,8279
2026-04-26,PDM-001,AU-102,DEAL-1009,desktop,US,11061,58,7802,10711
2026-04-26,PDM-001,AU-114,DEAL-1009,desktop,US,10044,56,6285,9829
2026-04-26,PDM-001,AU-104,DEAL-1010,desktop,US,12826,21,7971,12068
2026-04-26,PDM-001,AU-111,DEAL-1010,desktop,US,10042,19,6149,9726
2026-04-26,PDM-001,AU-103,DEAL-1012,mobile,US,4774,24,3547,4655
2026-04-26,PDM-001,AU-104,DEAL-1014,desktop,US,15698,83,11521,14987
2026-04-26,PDM-001,AU-105,DEAL-1016,desktop,US,6894,29,5187,6726
2026-04-26,PDM-001,AU-105,DEAL-1016,mobile,US,10834,53,5782,10450
2026-04-26,PDM-001,AU-112,DEAL-1016,desktop,US,6609,20,4941,6334
2026-04-26,PDM-001,AU-112,DEAL-1016,mobile,US,10551,56,5862,9728
2026-04-26,PDM-001,AU-108,DEAL-1017,desktop,US,9952,65,6670,9605
2026-04-26,PDM-001,AU-107,DEAL-1018,desktop,US,10509,52,7285,10167
2026-04-26,PDM-001,AU-107,DEAL-1018,mobile,US,18785,135,14923,17747
2026-04-26,PDM-001,AU-113,DEAL-1019,desktop,US,2377,16,1521,2281
2026-04-26,PDM-001,AU-114,DEAL-1021,mobile,US,7316,52,5528,6921
2026-04-26,PDM-001,AU-110,DEAL-1022,desktop,US,11280,73,9056,10991
2026-04-26,PDM-001,AU-109,DEAL-1023,desktop,US,10769,80,7395,10459
2026-04-26,PDM-001,AU-103,DEAL-1024,desktop,US,4280,10,2630,3948
2026-04-26,PDM-001,AU-112,DEAL-1025,desktop,US,9132,64,7035,8614
2026-04-26,PDM-001,AU-112,DEAL-1025,mobile,US,3323,18,1894,3105
2026-04-27,PDM-001,AU-101,DEAL-1001,desktop,US,19941,81,11009,18509
2026-04-27,PDM-001,AU-101,DEAL-1001,mobile,US,24412,112,14944,22812
2026-04-27,PDM-001,AU-101,DEAL-1001,desktop,UK,7138,21,3821,6689
2026-04-27,PDM-001,AU-105,DEAL-1002,mobile,US,5662,6,3146,5567
2026-04-27,PDM-001,AU-107,DEAL-1003,mobile,US,9864,51,7595,9484
2026-04-27,PDM-001,AU-108,DEAL-1003,mobile,US,27360,155,22056,26192
2026-04-27,PDM-001,AU-109,DEAL-1004,mobile,US,7187,22,5409,6936
2026-04-27,PDM-001,AU-103,DEAL-1005,mobile,US,15909,36,10162,15657
2026-04-27,PDM-001,AU-110,DEAL-1005,desktop,US,18474,79,12012,17450
2026-04-27,PDM-001,AU-110,DEAL-1005,mobile,US,23806,45,17553,22073
2026-04-27,PDM-001,AU-112,DEAL-1006,mobile,US,13899,58,8304,13361
2026-04-27,PDM-001,AU-112,DEAL-1006,desktop,DE,7710,11,5462,7205
2026-04-27,PDM-001,AU-106,DEAL-1008,mobile,US,9671,55,7175,9397
2026-04-27,PDM-001,AU-114,DEAL-1009,mobile,US,14661,24,8958,13945
2026-04-27,PDM-001,AU-111,DEAL-1010,mobile,US,6966,46,5616,6841
2026-04-27,PDM-001,AU-113,DEAL-1011,mobile,US,25655,107,17724,24126
2026-04-27,PDM-001,AU-103,DEAL-1012,mobile,US,13821,90,11039,13372
2026-04-27,PDM-001,AU-112,DEAL-1016,mobile,US,5740,34,3690,5610
2026-04-27,PDM-001,AU-111,DEAL-1017,desktop,US,21838,70,13738,20676
2026-04-27,PDM-001,AU-113,DEAL-1019,desktop,US,15102,59,11526,14198
2026-04-27,PDM-001,AU-113,DEAL-1019,mobile,US,6350,7,4288,6162
2026-04-27,PDM-001,AU-114,DEAL-1021,desktop,US,16126,94,11707,15886
2026-04-27,PDM-001,AU-109,DEAL-1023,mobile,US,23810,120,14479,23316
2026-04-28,PDM-001,AU-105,DEAL-1002,desktop,US,18278,36,15000,17751
2026-04-28,PDM-001,AU-107,DEAL-1003,desktop,DE,5398,29,3915,5216
2026-04-28,PDM-001,AU-103,DEAL-1005,desktop,US,17377,87,10749,16390
2026-04-28,PDM-001,AU-103,DEAL-1005,desktop,UK,7988,59,5966,7768
2026-04-28,PDM-001,AU-110,DEAL-1005,mobile,US,22944,114,14128,22162
2026-04-28,PDM-001,AU-112,DEAL-1006,mobile,US,6703,30,4158,6566
2026-04-28,PDM-001,AU-112,DEAL-1006,desktop,DE,11706,32,8318,11377
2026-04-28,PDM-001,AU-102,DEAL-1009,mobile,US,27789,60,21419,26689
2026-04-28,PDM-001,AU-114,DEAL-1009,desktop,US,10239,67,6552,10037
2026-04-28,PDM-001,AU-114,DEAL-1009,mobile,US,23514,48,19038,22449
2026-04-28,PDM-001,AU-104,DEAL-1010,desktop,US,11163,24,6776,10581
2026-04-28,PDM-001,AU-103,DEAL-1012,mobile,US,4388,32,3145,4174
2026-04-28,PDM-001,AU-104,DEAL-1014,desktop,US,19909,153,15615,18918
2026-04-28,PDM-001,AU-101,DEAL-1015,desktop,US,11251,62,8333,10658
2026-04-28,PDM-001,AU-112,DEAL-1016,desktop,US,13556,107,7062,12768
2026-04-28,PDM-001,AU-112,DEAL-1016,mobile,US,4391,7,2783,4071
2026-04-28,PDM-001,AU-108,DEAL-1017,desktop,US,11783,14,6436,11351
2026-04-28,PDM-001,AU-111,DEAL-1017,mobile,US,27202,43,17349,26177
2026-04-28,PDM-001,AU-113,DEAL-1019,mobile,US,26795,74,21209,25527
2026-04-28,PDM-001,AU-114,DEAL-1021,desktop,US,16491,105,9305,15545
2026-04-28,PDM-001,AU-114,DEAL-1021,mobile,US,16543,55,12792,15289
2026-04-28,PDM-001,AU-110,DEAL-1022,desktop,US,16936,133,10563,15819
2026-04-28,PDM-001,AU-109,DEAL-1023,desktop,US,20215,107,12795,18748
2026-04-28,PDM-001,AU-109,DEAL-1023,mobile,US,6389,31,4095,5989
2026-04-28,PDM-001,AU-103,DEAL-1024,mobile,US,5239,19,3163,4875
2026-04-28,PDM-001,AU-112,DEAL-1025,mobile,US,19667,75,15155,19095
2026-04-29,PDM-001,AU-101,DEAL-1001,desktop,US,9900,76,6719,9674
2026-04-29,PDM-001,AU-108,DEAL-1003,desktop,US,20018,137,12409,19482
2026-04-29,PDM-001,AU-108,DEAL-1003,mobile,US,5288,29,3318,4975
2026-04-29,PDM-001,AU-108,DEAL-1003,tablet,US,1495,10,862,1421
2026-04-29,PDM-001,AU-109,DEAL-1004,desktop,US,3331,8,2485,3155
2026-04-29,PDM-001,AU-110,DEAL-1005,desktop,US,13617,88,7358,12568
2026-04-29,PDM-001,AU-101,DEAL-1007,mobile,US,11634,14,8071,10818
2026-04-29,PDM-001,AU-102,DEAL-1009,mobile,US,17966,120,13384,17763
2026-04-29,PDM-001,AU-114,DEAL-1009,desktop,US,6777,36,5306,6664
2026-04-29,PDM-001,AU-114,DEAL-1009,mobile,US,23367,157,15151,21671
2026-04-29,PDM-001,AU-104,DEAL-1010,desktop,US,21373,69,12958,21106
2026-04-29,PDM-001,AU-104,DEAL-1010,mobile,US,14993,27,9403,13941
2026-04-29,PDM-001,AU-103,DEAL-1012,desktop,US,5775,20,4375,5376
2026-04-29,PDM-001,AU-103,DEAL-1012,mobile,US,9879,58,6032,9499
2026-04-29,PDM-001,AU-104,DEAL-1014,mobile,US,24965,116,19694,23687
2026-04-29,PDM-001,AU-101,DEAL-1015,mobile,US,27501,145,20323,25470
2026-04-29,PDM-001,AU-105,DEAL-1016,desktop,US,16222,42,10676,15057
2026-04-29,PDM-001,AU-105,DEAL-1016,mobile,US,21685,54,15792,21119
2026-04-29,PDM-001,AU-112,DEAL-1016,desktop,US,8847,18,7131,8661
2026-04-29,PDM-001,AU-108,DEAL-1017,desktop,US,3912,13,2286,3656
2026-04-29,PDM-001,AU-107,DEAL-1018,desktop,US,4218,8,2739,3889
2026-04-29,PDM-001,AU-107,DEAL-1018,mobile,US,27638,142,15885,26057
2026-04-29,PDM-001,AU-113,DEAL-1019,mobile,US,14686,24,11571,14269
2026-04-29,PDM-001,AU-102,DEAL-1020,mobile,US,23172,31,13542,22025
2026-04-29,PDM-001,AU-114,DEAL-1021,mobile,US,8469,51,6881,8166
2026-04-29,PDM-001,AU-110,DEAL-1022,desktop,US,6668,33,3654,6265
2026-04-29,PDM-001,AU-103,DEAL-1024,desktop,US,12171,79,8610,11740
2026-04-29,PDM-001,AU-103,DEAL-1024,mobile,US,11526,44,8914,11024
2026-04-29,PDM-001,AU-112,DEAL-1025,desktop,US,18015,19,13891,17113
2026-04-29,PDM-001,AU-112,DEAL-1025,mobile,US,22987,166,13142,22100
2026-04-30,PDM-001,AU-101,DEAL-1001,mobile,US,5312,32,3438,5074
2026-04-30,PDM-001,AU-107,DEAL-1003,desktop,US,18729,91,13271,17246
2026-04-30,PDM-001,AU-107,DEAL-1003,desktop,DE,12192,97,8430,11230
2026-04-30,PDM-001,AU-108,DEAL-1003,desktop,US,17549,89,11952,17344
2026-04-30,PDM-001,AU-108,DEAL-1003,mobile,US,10060,71,7380,9696
2026-04-30,PDM-001,AU-108,DEAL-1003,tablet,US,6458,21,4036,5956
2026-04-30,PDM-001,AU-109,DEAL-1004,desktop,US,20274,49,14445,19623
2026-04-30,PDM-001,AU-109,DEAL-1004,mobile,US,20866,74,12813,19272
2026-04-30,PDM-001,AU-103,DEAL-1005,desktop,US,14507,71,10232,13414
2026-04-30,PDM-001,AU-103,DEAL-1005,mobile,US,11819,21,9372,11269
2026-04-30,PDM-001,AU-110,DEAL-1005,mobile,US,14500,105,9375,13851
2026-04-30,PDM-001,AU-112,DEAL-1006,desktop,US,14716,64,8262,14081
2026-04-30,PDM-001,AU-101,DEAL-1007,mobile,US,26062,173,14637,25693
2026-04-30,PDM-001,AU-114,DEAL-1009,desktop,US,8359,14,5959,7851
2026-04-30,PDM-001,AU-104,DEAL-1010,mobile,US,8326,28,5886,7918
2026-04-30,PDM-001,AU-111,DEAL-1010,desktop,US,4562,30,3150,4463
2026-04-30,PDM-001,AU-111,DEAL-1010,mobile,US,15232,84,10454,14361
2026-04-30,PDM-001,AU-103,DEAL-1012,mobile,US,14043,91,8694,13142
2026-04-30,PDM-001,AU-106,DEAL-1013,desktop,US,4050,12,2940,3997
2026-04-30,PDM-001,AU-106,DEAL-1013,mobile,US,13346,104,9899,13062
2026-04-30,PDM-001,AU-104,DEAL-1014,mobile,US,7831,62,5129,7519
2026-04-30,PDM-001,AU-101,DEAL-1015,mobile,US,25808,202,16435,24010
2026-04-30,PDM-001,AU-112,DEAL-1016,desktop,US,3316,21,2708,3270
2026-04-30,PDM-001,AU-112,DEAL-1016,mobile,US,20626,114,15886,19402
2026-04-30,PDM-001,AU-113,DEAL-1019,mobile,US,27974,204,18603,26009
2026-04-30,PDM-001,AU-102,DEAL-1020,desktop,US,15660,39,9587,14798
2026-04-30,PDM-001,AU-114,DEAL-1021,desktop,US,19750,149,10330,18554
2026-04-30,PDM-001,AU-109,DEAL-1023,desktop,US,19270,85,13043,18542
2026-04-30,PDM-001,AU-109,DEAL-1023,mobile,US,17027,102,10769,16174
2026-04-30,PDM-001,AU-103,DEAL-1024,desktop,US,13802,108,7803,13542
